{
	"format_version": "1.21.6",
	"credit": "Made with Blockbench",
	"textures": {
		"0": "block/crafting_table_front",
		"1": "block/crafting_table_side",
		"2": "block/crafting_table_top",
		"3": "block/oak_planks",
		"6": "block/crafting_table_hammer",
		"7": "block/crafting_table_saw",
		"8": "block/crafting_table_top_center_up_and_down",
		"9": "block/crafting_table_top_center_side",
		"10": "block/crafting_table_scissors",
		"11": "block/crafting_top_side",
		"particle": "block/crafting_table_front"
	},
	"elements": [
		{
			"from": [0, 0, 0],
			"to": [16, 16, 16],
			"faces": {
				"north": {"uv": [0, 0, 16, 16], "texture": "#0"},
				"east": {"uv": [0, 0, 16, 16], "texture": "#1"},
				"south": {"uv": [0, 0, 16, 16], "texture": "#1"},
				"west": {"uv": [0, 0, 16, 16], "texture": "#1"},
				"up": {"uv": [0, 0, 16, 16], "texture": "#2"},
				"down": {"uv": [0, 0, 16, 16], "texture": "#3"}
			}
		},
		{
			"from": [11, 5, -1],
			"to": [14, 7, 0],
			"rotation": {"angle": 0, "axis": "y", "origin": [11, 5, -2]},
			"faces": {
				"north": {"uv": [1, 1, 4, 3], "texture": "#6"},
				"east": {"uv": [0, 1, 1, 3], "texture": "#6"},
				"south": {"uv": [5, 1, 8, 3], "texture": "#6"},
				"west": {"uv": [4, 1, 5, 3], "texture": "#6"},
				"up": {"uv": [4, 1, 1, 0], "texture": "#6"},
				"down": {"uv": [7, 0, 4, 1], "texture": "#6"}
			}
		},
		{
			"from": [12, 7, -1],
			"to": [13, 11, 0],
			"rotation": {"angle": 0, "axis": "y", "origin": [11, 8, -2]},
			"faces": {
				"north": {"uv": [1, 4, 2, 8], "texture": "#6"},
				"east": {"uv": [0, 4, 1, 8], "texture": "#6"},
				"south": {"uv": [3, 4, 4, 8], "texture": "#6"},
				"west": {"uv": [2, 4, 3, 8], "texture": "#6"},
				"up": {"uv": [2, 4, 1, 3], "texture": "#6"},
				"down": {"uv": [3, 3, 2, 4], "texture": "#6"}
			}
		},
		{
			"from": [4, 7, -1],
			"to": [5, 13, 0],
			"rotation": {"angle": 0, "axis": "y", "origin": [3.5, 9, -1]},
			"faces": {
				"north": {"uv": [5, 1, 6, 7], "texture": "#7"},
				"east": {"uv": [4, 1, 5, 7], "texture": "#7"},
				"south": {"uv": [7, 1, 8, 7], "texture": "#7"},
				"west": {"uv": [6, 1, 7, 7], "texture": "#7"},
				"up": {"uv": [6, 1, 5, 0], "texture": "#7"},
				"down": {"uv": [7, 0, 6, 1], "texture": "#7"}
			}
		},
		{
			"from": [3, 5, -1],
			"to": [4, 11, 0],
			"rotation": {"angle": 0, "axis": "y", "origin": [3.5, 9, -1]},
			"faces": {
				"north": {"uv": [5, 8, 6, 14], "texture": "#7"},
				"east": {"uv": [4, 8, 5, 14], "texture": "#7"},
				"south": {"uv": [7, 8, 8, 14], "texture": "#7"},
				"west": {"uv": [6, 8, 7, 14], "texture": "#7"},
				"up": {"uv": [6, 8, 5, 7], "texture": "#7"},
				"down": {"uv": [7, 7, 6, 8], "texture": "#7"}
			}
		},
		{
			"from": [3, 12, -1],
			"to": [4, 13, 0],
			"rotation": {"angle": 0, "axis": "y", "origin": [3.5, 9, -1]},
			"faces": {
				"north": {"uv": [9, 1, 10, 2], "texture": "#7"},
				"east": {"uv": [8, 1, 9, 2], "texture": "#7"},
				"south": {"uv": [11, 1, 12, 2], "texture": "#7"},
				"west": {"uv": [10, 1, 11, 2], "texture": "#7"},
				"up": {"uv": [10, 1, 9, 0], "texture": "#7"},
				"down": {"uv": [11, 0, 10, 1], "texture": "#7"}
			}
		},
		{
			"from": [2, 3, -1],
			"to": [3, 13, 0],
			"rotation": {"angle": 0, "axis": "y", "origin": [3.5, 9, -1]},
			"faces": {
				"north": {"uv": [1, 1, 2, 11], "texture": "#7"},
				"east": {"uv": [0, 1, 1, 11], "texture": "#7"},
				"south": {"uv": [3, 1, 4, 11], "texture": "#7"},
				"west": {"uv": [2, 1, 3, 11], "texture": "#7"},
				"up": {"uv": [2, 1, 1, 0], "texture": "#7"},
				"down": {"uv": [3, 0, 2, 1], "texture": "#7"}
			}
		},
		{
			"from": [16, 9, 10],
			"to": [17, 11, 11],
			"rotation": {"angle": 0, "axis": "y", "origin": [15, 9, 10]},
			"faces": {
				"north": {"uv": [1, 1, 2, 3], "texture": "#10"},
				"east": {"uv": [0, 1, 1, 3], "texture": "#10"},
				"south": {"uv": [3, 1, 4, 3], "texture": "#10"},
				"west": {"uv": [2, 1, 3, 3], "texture": "#10"},
				"up": {"uv": [2, 1, 1, 0], "texture": "#10"},
				"down": {"uv": [3, 0, 2, 1], "texture": "#10"}
			}
		},
		{
			"from": [16, 9, 12],
			"to": [17, 11, 13],
			"rotation": {"angle": 0, "axis": "y", "origin": [15, 9, 12]},
			"faces": {
				"north": {"uv": [1, 4, 2, 6], "texture": "#10"},
				"east": {"uv": [0, 4, 1, 6], "texture": "#10"},
				"south": {"uv": [3, 4, 4, 6], "texture": "#10"},
				"west": {"uv": [2, 4, 3, 6], "texture": "#10"},
				"up": {"uv": [2, 4, 1, 3], "texture": "#10"},
				"down": {"uv": [3, 3, 2, 4], "texture": "#10"}
			}
		},
		{
			"from": [16, 6, 10],
			"to": [17, 8, 11],
			"rotation": {"angle": 0, "axis": "y", "origin": [15, 6, 10]},
			"faces": {
				"north": {"uv": [5, 1, 6, 3], "texture": "#10"},
				"east": {"uv": [4, 1, 5, 3], "texture": "#10"},
				"south": {"uv": [7, 1, 8, 3], "texture": "#10"},
				"west": {"uv": [6, 1, 7, 3], "texture": "#10"},
				"up": {"uv": [6, 1, 5, 0], "texture": "#10"},
				"down": {"uv": [7, 0, 6, 1], "texture": "#10"}
			}
		},
		{
			"from": [16, 8, 11],
			"to": [17, 9, 12],
			"rotation": {"angle": 0, "axis": "y", "origin": [15, 7, 11]},
			"faces": {
				"north": {"uv": [1, 7, 2, 8], "texture": "#10"},
				"east": {"uv": [0, 7, 1, 8], "texture": "#10"},
				"south": {"uv": [3, 7, 4, 8], "texture": "#10"},
				"west": {"uv": [2, 7, 3, 8], "texture": "#10"},
				"up": {"uv": [2, 7, 1, 6], "texture": "#10"},
				"down": {"uv": [3, 6, 2, 7], "texture": "#10"}
			}
		},
		{
			"from": [16, 6, 12],
			"to": [17, 8, 13],
			"rotation": {"angle": 0, "axis": "y", "origin": [15, 6, 12]},
			"faces": {
				"north": {"uv": [5, 4, 6, 6], "texture": "#10"},
				"east": {"uv": [4, 4, 5, 6], "texture": "#10"},
				"south": {"uv": [7, 4, 8, 6], "texture": "#10"},
				"west": {"uv": [6, 4, 7, 6], "texture": "#10"},
				"up": {"uv": [6, 4, 5, 3], "texture": "#10"},
				"down": {"uv": [7, 3, 6, 4], "texture": "#10"}
			}
		},
		{
			"from": [-1, 9, 5],
			"to": [0, 11, 6],
			"rotation": {"angle": 0, "axis": "y", "origin": [-0.5, 9, 4.5]},
			"faces": {
				"north": {"uv": [1, 1, 2, 3], "texture": "#10"},
				"east": {"uv": [0, 1, 1, 3], "texture": "#10"},
				"south": {"uv": [3, 1, 4, 3], "texture": "#10"},
				"west": {"uv": [2, 1, 3, 3], "texture": "#10"},
				"up": {"uv": [2, 1, 1, 0], "texture": "#10"},
				"down": {"uv": [3, 0, 2, 1], "texture": "#10"}
			}
		},
		{
			"from": [-1, 9, 3],
			"to": [0, 11, 4],
			"rotation": {"angle": 0, "axis": "y", "origin": [-0.5, 9, 4.5]},
			"faces": {
				"north": {"uv": [1, 4, 2, 6], "texture": "#10"},
				"east": {"uv": [0, 4, 1, 6], "texture": "#10"},
				"south": {"uv": [3, 4, 4, 6], "texture": "#10"},
				"west": {"uv": [2, 4, 3, 6], "texture": "#10"},
				"up": {"uv": [2, 4, 1, 3], "texture": "#10"},
				"down": {"uv": [3, 3, 2, 4], "texture": "#10"}
			}
		},
		{
			"from": [-1, 6, 5],
			"to": [0, 8, 6],
			"rotation": {"angle": 0, "axis": "y", "origin": [-0.5, 9, 4.5]},
			"faces": {
				"north": {"uv": [5, 1, 6, 3], "texture": "#10"},
				"east": {"uv": [4, 1, 5, 3], "texture": "#10"},
				"south": {"uv": [7, 1, 8, 3], "texture": "#10"},
				"west": {"uv": [6, 1, 7, 3], "texture": "#10"},
				"up": {"uv": [6, 1, 5, 0], "texture": "#10"},
				"down": {"uv": [7, 0, 6, 1], "texture": "#10"}
			}
		},
		{
			"from": [-1, 8, 4],
			"to": [0, 9, 5],
			"rotation": {"angle": 0, "axis": "y", "origin": [-0.5, 9, 4.5]},
			"faces": {
				"north": {"uv": [1, 7, 2, 8], "texture": "#10"},
				"east": {"uv": [0, 7, 1, 8], "texture": "#10"},
				"south": {"uv": [3, 7, 4, 8], "texture": "#10"},
				"west": {"uv": [2, 7, 3, 8], "texture": "#10"},
				"up": {"uv": [2, 7, 1, 6], "texture": "#10"},
				"down": {"uv": [3, 6, 2, 7], "texture": "#10"}
			}
		},
		{
			"from": [-1, 6, 3],
			"to": [0, 8, 4],
			"rotation": {"angle": 0, "axis": "y", "origin": [-0.5, 9, 4.5]},
			"faces": {
				"north": {"uv": [5, 4, 6, 6], "texture": "#10"},
				"east": {"uv": [4, 4, 5, 6], "texture": "#10"},
				"south": {"uv": [7, 4, 8, 6], "texture": "#10"},
				"west": {"uv": [6, 4, 7, 6], "texture": "#10"},
				"up": {"uv": [6, 4, 5, 3], "texture": "#10"},
				"down": {"uv": [7, 3, 6, 4], "texture": "#10"}
			}
		},
		{
			"from": [5, 9, 16],
			"to": [6, 11, 17],
			"rotation": {"angle": 0, "axis": "y", "origin": [4.5, 9, 16.5]},
			"faces": {
				"north": {"uv": [1, 1, 2, 3], "texture": "#10"},
				"east": {"uv": [0, 1, 1, 3], "texture": "#10"},
				"south": {"uv": [3, 1, 4, 3], "texture": "#10"},
				"west": {"uv": [2, 1, 3, 3], "texture": "#10"},
				"up": {"uv": [2, 1, 1, 0], "texture": "#10"},
				"down": {"uv": [3, 0, 2, 1], "texture": "#10"}
			}
		},
		{
			"from": [3, 9, 16],
			"to": [4, 11, 17],
			"rotation": {"angle": 0, "axis": "y", "origin": [4.5, 9, 16.5]},
			"faces": {
				"north": {"uv": [1, 4, 2, 6], "texture": "#10"},
				"east": {"uv": [0, 4, 1, 6], "texture": "#10"},
				"south": {"uv": [3, 4, 4, 6], "texture": "#10"},
				"west": {"uv": [2, 4, 3, 6], "texture": "#10"},
				"up": {"uv": [2, 4, 1, 3], "texture": "#10"},
				"down": {"uv": [3, 3, 2, 4], "texture": "#10"}
			}
		},
		{
			"from": [5, 6, 16],
			"to": [6, 8, 17],
			"rotation": {"angle": 0, "axis": "y", "origin": [4.5, 9, 16.5]},
			"faces": {
				"north": {"uv": [5, 1, 6, 3], "texture": "#10"},
				"east": {"uv": [4, 1, 5, 3], "texture": "#10"},
				"south": {"uv": [7, 1, 8, 3], "texture": "#10"},
				"west": {"uv": [6, 1, 7, 3], "texture": "#10"},
				"up": {"uv": [6, 1, 5, 0], "texture": "#10"},
				"down": {"uv": [7, 0, 6, 1], "texture": "#10"}
			}
		},
		{
			"from": [4, 8, 16],
			"to": [5, 9, 17],
			"rotation": {"angle": 0, "axis": "y", "origin": [4.5, 9, 16.5]},
			"faces": {
				"north": {"uv": [1, 7, 2, 8], "texture": "#10"},
				"east": {"uv": [0, 7, 1, 8], "texture": "#10"},
				"south": {"uv": [3, 7, 4, 8], "texture": "#10"},
				"west": {"uv": [2, 7, 3, 8], "texture": "#10"},
				"up": {"uv": [2, 7, 1, 6], "texture": "#10"},
				"down": {"uv": [3, 6, 2, 7], "texture": "#10"}
			}
		},
		{
			"from": [3, 6, 16],
			"to": [4, 8, 17],
			"rotation": {"angle": 0, "axis": "y", "origin": [4.5, 9, 16.5]},
			"faces": {
				"north": {"uv": [5, 4, 6, 6], "texture": "#10"},
				"east": {"uv": [4, 4, 5, 6], "texture": "#10"},
				"south": {"uv": [7, 4, 8, 6], "texture": "#10"},
				"west": {"uv": [6, 4, 7, 6], "texture": "#10"},
				"up": {"uv": [6, 4, 5, 3], "texture": "#10"},
				"down": {"uv": [7, 3, 6, 4], "texture": "#10"}
			}
		},
		{
			"name": "center",
			"from": [2, 16, 2],
			"to": [14, 17, 14],
			"rotation": {"angle": 0, "axis": "y", "origin": [7, 16, 7]},
			"faces": {
				"north": {"uv": [2, 2, 14, 3], "texture": "#9"},
				"east": {"uv": [2, 2, 14, 3], "texture": "#9"},
				"south": {"uv": [2, 2, 14, 3], "texture": "#9"},
				"west": {"uv": [2, 2, 14, 3], "texture": "#9"},
				"up": {"uv": [14, 14, 2, 2], "texture": "#8"},
				"down": {"uv": [14, 2, 2, 14], "texture": "#8"}
			}
		},
		{
			"from": [1, 16, 3],
			"to": [2, 17, 13],
			"rotation": {"angle": 0, "axis": "y", "origin": [0, 16, 5]},
			"faces": {
				"north": {"uv": [8, 8, 9, 9], "texture": "#11"},
				"east": {"uv": [0, 0, 10, 1], "texture": "#11"},
				"south": {"uv": [8, 9, 9, 10], "texture": "#11"},
				"west": {"uv": [0, 1, 10, 2], "texture": "#11"},
				"up": {"uv": [1, 12, 0, 2], "texture": "#11"},
				"down": {"uv": [2, 2, 1, 12], "texture": "#11"}
			}
		},
		{
			"from": [0, 16, 4],
			"to": [1, 17, 12],
			"rotation": {"angle": 0, "axis": "y", "origin": [0, 16, 4]},
			"faces": {
				"north": {"uv": [9, 8, 10, 9], "texture": "#11"},
				"east": {"uv": [2, 2, 10, 3], "texture": "#11"},
				"south": {"uv": [9, 9, 10, 10], "texture": "#11"},
				"west": {"uv": [2, 3, 10, 4], "texture": "#11"},
				"up": {"uv": [3, 12, 2, 4], "texture": "#11"},
				"down": {"uv": [4, 4, 3, 12], "texture": "#11"}
			}
		},
		{
			"from": [-1, 15, 5],
			"to": [0, 16, 11],
			"rotation": {"angle": 0, "axis": "y", "origin": [-2, 14, 5]},
			"faces": {
				"north": {"uv": [10, 0, 11, 1], "texture": "#11"},
				"east": {"uv": [4, 4, 10, 5], "texture": "#11"},
				"south": {"uv": [10, 1, 11, 2], "texture": "#11"},
				"west": {"uv": [4, 5, 10, 6], "texture": "#11"},
				"up": {"uv": [5, 12, 4, 6], "texture": "#11"},
				"down": {"uv": [6, 6, 5, 12], "texture": "#11"}
			}
		},
		{
			"from": [-1, 14, 6],
			"to": [0, 15, 10],
			"rotation": {"angle": 0, "axis": "y", "origin": [-1, 13, 5]},
			"faces": {
				"north": {"uv": [10, 2, 11, 3], "texture": "#11"},
				"east": {"uv": [6, 6, 10, 7], "texture": "#11"},
				"south": {"uv": [10, 3, 11, 4], "texture": "#11"},
				"west": {"uv": [6, 7, 10, 8], "texture": "#11"},
				"up": {"uv": [7, 12, 6, 8], "texture": "#11"},
				"down": {"uv": [8, 8, 7, 12], "texture": "#11"}
			}
		},
		{
			"from": [14, 16, 3],
			"to": [15, 17, 13],
			"rotation": {"angle": 0, "axis": "y", "origin": [15, 15, 8]},
			"faces": {
				"north": {"uv": [8, 9, 9, 10], "texture": "#11"},
				"east": {"uv": [0, 1, 10, 2], "texture": "#11"},
				"south": {"uv": [8, 8, 9, 9], "texture": "#11"},
				"west": {"uv": [0, 0, 10, 1], "texture": "#11"},
				"up": {"uv": [1, 12, 0, 2], "rotation": 180, "texture": "#11"},
				"down": {"uv": [2, 2, 1, 12], "rotation": 180, "texture": "#11"}
			}
		},
		{
			"from": [15, 16, 4],
			"to": [16, 17, 12],
			"rotation": {"angle": 0, "axis": "y", "origin": [15, 15, 8]},
			"faces": {
				"north": {"uv": [9, 9, 10, 10], "texture": "#11"},
				"east": {"uv": [2, 3, 10, 4], "texture": "#11"},
				"south": {"uv": [9, 8, 10, 9], "texture": "#11"},
				"west": {"uv": [2, 2, 10, 3], "texture": "#11"},
				"up": {"uv": [3, 12, 2, 4], "rotation": 180, "texture": "#11"},
				"down": {"uv": [4, 4, 3, 12], "rotation": 180, "texture": "#11"}
			}
		},
		{
			"from": [16, 15, 5],
			"to": [17, 16, 11],
			"rotation": {"angle": 0, "axis": "y", "origin": [15, 15, 8]},
			"faces": {
				"north": {"uv": [10, 1, 11, 2], "texture": "#11"},
				"east": {"uv": [4, 5, 10, 6], "texture": "#11"},
				"south": {"uv": [10, 0, 11, 1], "texture": "#11"},
				"west": {"uv": [4, 4, 10, 5], "texture": "#11"},
				"up": {"uv": [5, 12, 4, 6], "rotation": 180, "texture": "#11"},
				"down": {"uv": [6, 6, 5, 12], "rotation": 180, "texture": "#11"}
			}
		},
		{
			"from": [16, 14, 6],
			"to": [17, 15, 10],
			"rotation": {"angle": 0, "axis": "y", "origin": [15, 15, 8]},
			"faces": {
				"north": {"uv": [10, 3, 11, 4], "texture": "#11"},
				"east": {"uv": [6, 7, 10, 8], "texture": "#11"},
				"south": {"uv": [10, 2, 11, 3], "texture": "#11"},
				"west": {"uv": [6, 6, 10, 7], "texture": "#11"},
				"up": {"uv": [7, 12, 6, 8], "rotation": 180, "texture": "#11"},
				"down": {"uv": [8, 8, 7, 12], "rotation": 180, "texture": "#11"}
			}
		},
		{
			"from": [3, 16, 14],
			"to": [13, 17, 15],
			"rotation": {"angle": 0, "axis": "y", "origin": [8, 15, 15]},
			"faces": {
				"north": {"uv": [0, 0, 10, 1], "texture": "#11"},
				"east": {"uv": [8, 9, 9, 10], "texture": "#11"},
				"south": {"uv": [0, 1, 10, 2], "texture": "#11"},
				"west": {"uv": [8, 8, 9, 9], "texture": "#11"},
				"up": {"uv": [1, 12, 0, 2], "rotation": 270, "texture": "#11"},
				"down": {"uv": [2, 2, 1, 12], "rotation": 90, "texture": "#11"}
			}
		},
		{
			"from": [4, 16, 15],
			"to": [12, 17, 16],
			"rotation": {"angle": 0, "axis": "y", "origin": [8, 15, 15]},
			"faces": {
				"north": {"uv": [2, 2, 10, 3], "texture": "#11"},
				"east": {"uv": [9, 9, 10, 10], "texture": "#11"},
				"south": {"uv": [2, 3, 10, 4], "texture": "#11"},
				"west": {"uv": [9, 8, 10, 9], "texture": "#11"},
				"up": {"uv": [3, 12, 2, 4], "rotation": 270, "texture": "#11"},
				"down": {"uv": [4, 4, 3, 12], "rotation": 90, "texture": "#11"}
			}
		},
		{
			"from": [5, 15, 16],
			"to": [11, 16, 17],
			"rotation": {"angle": 0, "axis": "y", "origin": [8, 15, 15]},
			"faces": {
				"north": {"uv": [4, 4, 10, 5], "texture": "#11"},
				"east": {"uv": [10, 1, 11, 2], "texture": "#11"},
				"south": {"uv": [4, 5, 10, 6], "texture": "#11"},
				"west": {"uv": [10, 0, 11, 1], "texture": "#11"},
				"up": {"uv": [5, 12, 4, 6], "rotation": 270, "texture": "#11"},
				"down": {"uv": [6, 6, 5, 12], "rotation": 90, "texture": "#11"}
			}
		},
		{
			"from": [6, 14, 16],
			"to": [10, 15, 17],
			"rotation": {"angle": 0, "axis": "y", "origin": [8, 15, 15]},
			"faces": {
				"north": {"uv": [6, 6, 10, 7], "texture": "#11"},
				"east": {"uv": [10, 3, 11, 4], "texture": "#11"},
				"south": {"uv": [6, 7, 10, 8], "texture": "#11"},
				"west": {"uv": [10, 2, 11, 3], "texture": "#11"},
				"up": {"uv": [7, 12, 6, 8], "rotation": 270, "texture": "#11"},
				"down": {"uv": [8, 8, 7, 12], "rotation": 90, "texture": "#11"}
			}
		},
		{
			"from": [3, 16, 1],
			"to": [13, 17, 2],
			"rotation": {"angle": 0, "axis": "y", "origin": [8, 15, 1]},
			"faces": {
				"north": {"uv": [0, 1, 10, 2], "texture": "#11"},
				"east": {"uv": [8, 8, 9, 9], "texture": "#11"},
				"south": {"uv": [0, 0, 10, 1], "texture": "#11"},
				"west": {"uv": [8, 9, 9, 10], "texture": "#11"},
				"up": {"uv": [1, 12, 0, 2], "rotation": 90, "texture": "#11"},
				"down": {"uv": [2, 2, 1, 12], "rotation": 270, "texture": "#11"}
			}
		},
		{
			"from": [4, 16, 0],
			"to": [12, 17, 1],
			"rotation": {"angle": 0, "axis": "y", "origin": [8, 15, 1]},
			"faces": {
				"north": {"uv": [2, 3, 10, 4], "texture": "#11"},
				"east": {"uv": [9, 8, 10, 9], "texture": "#11"},
				"south": {"uv": [2, 2, 10, 3], "texture": "#11"},
				"west": {"uv": [9, 9, 10, 10], "texture": "#11"},
				"up": {"uv": [3, 12, 2, 4], "rotation": 90, "texture": "#11"},
				"down": {"uv": [4, 4, 3, 12], "rotation": 270, "texture": "#11"}
			}
		},
		{
			"from": [5, 15, -1],
			"to": [11, 16, 0],
			"rotation": {"angle": 0, "axis": "y", "origin": [8, 15, 1]},
			"faces": {
				"north": {"uv": [4, 5, 10, 6], "texture": "#11"},
				"east": {"uv": [10, 0, 11, 1], "texture": "#11"},
				"south": {"uv": [4, 4, 10, 5], "texture": "#11"},
				"west": {"uv": [10, 1, 11, 2], "texture": "#11"},
				"up": {"uv": [5, 12, 4, 6], "rotation": 90, "texture": "#11"},
				"down": {"uv": [6, 6, 5, 12], "rotation": 270, "texture": "#11"}
			}
		},
		{
			"from": [6, 14, -1],
			"to": [10, 15, 0],
			"rotation": {"angle": 0, "axis": "y", "origin": [8, 15, 1]},
			"faces": {
				"north": {"uv": [6, 7, 10, 8], "texture": "#11"},
				"east": {"uv": [10, 2, 11, 3], "texture": "#11"},
				"south": {"uv": [6, 6, 10, 7], "texture": "#11"},
				"west": {"uv": [10, 3, 11, 4], "texture": "#11"},
				"up": {"uv": [7, 12, 6, 8], "rotation": 90, "texture": "#11"},
				"down": {"uv": [8, 8, 7, 12], "rotation": 270, "texture": "#11"}
			}
		}
	],
	"display": {
		"thirdperson_righthand": {
			"scale": [0.25, 0.25, 0.25]
		},
		"firstperson_righthand": {
			"translation": [0, 0.25, 0],
			"scale": [0.25, 0.25, 0.25]
		},
		"ground": {
			"translation": [0, 2, 0],
			"scale": [0.25, 0.25, 0.25]
		},
		"gui": {
			"rotation": [22.5, 135, 0],
			"scale": [0.6, 0.6, 0.6]
		}
	},
	"groups": [
		0,
		{
			"name": "hammer",
			"origin": [11, 5, -2],
			"color": 0,
			"children": [1, 2]
		},
		{
			"name": "saw",
			"origin": [2, 7, -2],
			"color": 0,
			"children": [3, 4, 5, 6]
		},
		{
			"name": "scissors_east",
			"origin": [8, 8, 8],
			"color": 0,
			"children": [7, 8, 9, 10, 11]
		},
		{
			"name": "scissors_west",
			"origin": [8, 8, 8],
			"color": 0,
			"children": [12, 13, 14, 15, 16]
		},
		{
			"name": "scissors_south",
			"origin": [8, 8, 8],
			"color": 0,
			"children": [17, 18, 19, 20, 21]
		},
		{
			"name": "top",
			"origin": [0, 0, 0],
			"color": 0,
			"children": [
				22,
				{
					"name": "top_west",
					"origin": [0, 16, 5],
					"color": 0,
					"children": [23, 24, 25, 26]
				},
				{
					"name": "top_east",
					"origin": [0, 16, 5],
					"color": 0,
					"children": [27, 28, 29, 30]
				},
				{
					"name": "top_south",
					"origin": [0, 16, 5],
					"color": 0,
					"children": [31, 32, 33, 34]
				},
				{
					"name": "top_north",
					"origin": [0, 16, 5],
					"color": 0,
					"children": [35, 36, 37, 38]
				}
			]
		}
	]
}